Filename,Subsidiary,Location of Incorporation,Ownership Percentage
38079-2016q1-38079-0001558370-16-004332,Sabine Oil & Gas Finance Corporation,,
38079-2016q1-38079-0001558370-16-004332,Sabine South Texas LLC,,
38079-2016q1-38079-0001558370-16-004332,Sabine South Texas Gathering LLC,,
38079-2016q1-38079-0001558370-16-004332,Sabine East Texas Basin LLC,,
38079-2016q1-38079-0001558370-16-004332,Sabine Mid-Continent LLC,,
38079-2016q1-38079-0001558370-16-004332,Giant Gas Gathering LLC,,
38079-2016q1-38079-0001558370-16-004332,Sabine Mid-Continent Gathering LLC,,
38079-2016q1-38079-0001558370-16-004332,Sabine Williston Basin LLC,,
38079-2016q1-38079-0001558370-16-004332,Sabine Bear Paw Basin LLC,,
38079-2016q1-38079-0001558370-16-004332,"Sabine NY Merger Subsidiary, Inc.",,
38079-2016q1-38079-0001558370-16-004332,Sabine Oil & Gas Corporation,,
38079-2016q1-38079-0001558370-16-004332,Lantern Drilling Company,,
38079-2016q1-38079-0001558370-16-004332,New Forest Oil Inc.,,
38079-2016q1-38079-0001558370-16-004332,Forest Oil Merger Sub Inc.,,
38079-2016q1-38079-0001558370-16-004332,Forest Texas Gathering Company,,
59527-2020q1-59527-0000059527-20-000007,"16280 23 Mile, LLC",United States,
59527-2020q1-59527-0000059527-20-000007,A. B. Arriendos S.A.,Chile,
59527-2020q1-59527-0000059527-20-000007,"Arc Products, Inc.",United States,
59527-2020q1-59527-0000059527-20-000007,"Baker Industries, Inc.",United States,
59527-2020q1-59527-0000059527-20-000007,"CMC North Second Street, LLC",United States,
59527-2020q1-59527-0000059527-20-000007,"Coldwater Machine Company, LLC",United States,
59527-2020q1-59527-0000059527-20-000007,Comptoir Lyonnais de Soudage,France,
59527-2020q1-59527-0000059527-20-000007,Ductil SA,Romania,
59527-2020q1-59527-0000059527-20-000007,"Easom Automation Systems, Inc.",United States,
59527-2020q1-59527-0000059527-20-000007,Europaische Holding Intercito GmbH,Switzerland,
59527-2020q1-59527-0000059527-20-000007,"Hangzhou SAF Oerlikon Welding & Cutting Co., LTD. (China)",China,
59527-2020q1-59527-0000059527-20-000007,Harris Calorific GmbH,Germany,
59527-2020q1-59527-0000059527-20-000007,Harris Calorific International Sp. z o.o.,Poland,
59527-2020q1-59527-0000059527-20-000007,"Harris Euro, S.L.U.",Spain,
59527-2020q1-59527-0000059527-20-000007,Harris-Euro Corp.,United States,
59527-2020q1-59527-0000059527-20-000007,Inversiones LyL S.A.,Chile,
59527-2020q1-59527-0000059527-20-000007,ISAF Drahtwerk GMBH,Germany,
59527-2020q1-59527-0000059527-20-000007,"J.W. Harris Co., Inc.",United States,
59527-2020q1-59527-0000059527-20-000007,"Jinzhou Zheng Tai Welding and Metal Co., Ltd.",China,
59527-2020q1-59527-0000059527-20-000007,"Kaliburn, Inc.",United States,
59527-2020q1-59527-0000059527-20-000007,Kaynak Teknigi Sanayi ve Ticaret A.S.,Turkey,
59527-2020q1-59527-0000059527-20-000007,"LE Torreon BCS, S. de R.L. de C.V.",Mexico,
59527-2020q1-59527-0000059527-20-000007,Lincoln Canada Finance ULC,Canada,
59527-2020q1-59527-0000059527-20-000007,Lincoln Canada Holdings ULC,Canada,
59527-2020q1-59527-0000059527-20-000007,Lincoln Electric Bester Sp. z o.o.,Poland,
59527-2020q1-59527-0000059527-20-000007,Lincoln Electric Company (India) Private Limited,India,
59527-2020q1-59527-0000059527-20-000007,Lincoln Electric Company of Canada GP 2 Limited,Canada,
59527-2020q1-59527-0000059527-20-000007,Lincoln Electric Company of Canada LP,Canada,
59527-2020q1-59527-0000059527-20-000007,"Lincoln Electric Cutting Systems, Inc.",United States,
59527-2020q1-59527-0000059527-20-000007,Lincoln Electric Cyprus Holdings LLC,United States,
59527-2020q1-59527-0000059527-20-000007,Lincoln Electric Cyprus Limited,Cyprus,
59527-2020q1-59527-0000059527-20-000007,Lincoln Electric do Brasil Indústria e Comércio Ltda.,Brazil,
59527-2020q1-59527-0000059527-20-000007,Lincoln Electric Dutch Holdings B.V.,The Netherlands,
59527-2020q1-59527-0000059527-20-000007,Lincoln Electric Europe B.V.,The Netherlands,
59527-2020q1-59527-0000059527-20-000007,"Lincoln Electric Europe, S.L.",Spain,
59527-2020q1-59527-0000059527-20-000007,Lincoln Electric France S.A.S.,France,
59527-2020q1-59527-0000059527-20-000007,Lincoln Electric Henan Investment Holdings LLC,United States,
59527-2020q1-59527-0000059527-20-000007,Lincoln Electric Holdings S.ar.l.,Luxembourg,
59527-2020q1-59527-0000059527-20-000007,"Lincoln Electric Iberia, S.L.",Spain,
59527-2020q1-59527-0000059527-20-000007,Lincoln Electric International Holding Company,United States,
59527-2020q1-59527-0000059527-20-000007,Lincoln Electric International Holdings GmbH,Germany,
59527-2020q1-59527-0000059527-20-000007,Lincoln Electric Italia S.r.l.,Italy,
59527-2020q1-59527-0000059527-20-000007,Lincoln Electric Japan K.K.,Japan,
59527-2020q1-59527-0000059527-20-000007,"Lincoln Electric (Jinzhou) Welding Materials Co., Ltd.",China,
59527-2020q1-59527-0000059527-20-000007,Lincoln Electric Luxembourg Holdings S.ar.l,Luxembourg,
59527-2020q1-59527-0000059527-20-000007,Lincoln Electric Luxembourg S.ar.l.,Luxembourg,
59527-2020q1-59527-0000059527-20-000007,Lincoln Electric Malaysia SDN BHD,Malaysia,
59527-2020q1-59527-0000059527-20-000007,"Lincoln Electric Management (Shanghai) Co., Ltd.",China,
59527-2020q1-59527-0000059527-20-000007,"Lincoln Electric Manufactura, S.A. de C.V.",Mexico,
59527-2020q1-59527-0000059527-20-000007,"Lincoln Electric Maquinas, S. de R.L. de C.V.",Mexico,
59527-2020q1-59527-0000059527-20-000007,"Lincoln Electric Mexicana, S.A. de C.V.",Mexico,
59527-2020q1-59527-0000059527-20-000007,Lincoln Electric Middle East FZE,United Arab Emirates,
59527-2020q1-59527-0000059527-20-000007,"Lincoln Electric North America, Inc.",United States,
59527-2020q1-59527-0000059527-20-000007,Lincoln Electric Novo Holdings LLC,United States,
59527-2020q1-59527-0000059527-20-000007,"Lincoln Electric Portugal, S.A.",Portugal,
59527-2020q1-59527-0000059527-20-000007,Lincoln Electric S.A.,Argentina,
59527-2020q1-59527-0000059527-20-000007,Lincoln Electric Slovakia s.r.o.,Slovak Republic,
59527-2020q1-59527-0000059527-20-000007,"Lincoln Electric (Tangshan) Welding Materials Co., Ltd.",China,
59527-2020q1-59527-0000059527-20-000007,Lincoln Electric (Thailand) Ltd.,Thailand,
59527-2020q1-59527-0000059527-20-000007,Lincoln Electric (U.K.) Ltd.,United Kingdom,
59527-2020q1-59527-0000059527-20-000007,Lincoln Electric UK Holdings Limited,United Kingdom,
59527-2020q1-59527-0000059527-20-000007,Lincoln Global Holdings LLC,United States,
59527-2020q1-59527-0000059527-20-000007,"Lincoln Global, Inc.",United States,
59527-2020q1-59527-0000059527-20-000007,Lincoln Luxembourg Holdings S.ar.l.,Luxembourg,
59527-2020q1-59527-0000059527-20-000007,Lincoln Maquinas Holdings LLC,United States,
59527-2020q1-59527-0000059527-20-000007,Lincoln Mexico Holdings LLC,United States,
59527-2020q1-59527-0000059527-20-000007,Lincoln Nanjing Holdings LLC,United States,
59527-2020q1-59527-0000059527-20-000007,Lincoln Singapore Holdings LLC,United States,
59527-2020q1-59527-0000059527-20-000007,Lincoln Smitweld B.V.,The Netherlands,
59527-2020q1-59527-0000059527-20-000007,Lincoln Soldaduras de Colombia Ltda.,Colombia,
59527-2020q1-59527-0000059527-20-000007,MGM Holdings,Russia,
59527-2020q1-59527-0000059527-20-000007,OAO Mezhgosmetiz - Mtsensk,Russia,
59527-2020q1-59527-0000059527-20-000007,Oerlikon Kaynak Elektrodlari Ve Sanayi Anonim Sirketi,Turkey,
59527-2020q1-59527-0000059527-20-000007,Oerlikon Schweisstechnik GMBH,Germany,
59527-2020q1-59527-0000059527-20-000007,Oerlikon Skandinavien AB,Sweden,
59527-2020q1-59527-0000059527-20-000007,OOO Severstal - metiz: Welding Consumables,Russia,
59527-2020q1-59527-0000059527-20-000007,OOO Torgovyi Dom Mezhgosmetiz,Russia,
59527-2020q1-59527-0000059527-20-000007,"Performance Investment Group, LLC",United States,
59527-2020q1-59527-0000059527-20-000007,"Prime Hold Co., LLC",United States,
59527-2020q1-59527-0000059527-20-000007,"Prime Investment Group, LLC",United States,
59527-2020q1-59527-0000059527-20-000007,"Prime Investment Group II, LLC",United States,
59527-2020q1-59527-0000059527-20-000007,"Prime Investment Group III, LLC",United States,
59527-2020q1-59527-0000059527-20-000007,"Prime Investment Group IV, LLC",United States,
59527-2020q1-59527-0000059527-20-000007,"Pro-Systems, LLC",United States,
59527-2020q1-59527-0000059527-20-000007,PT Lincoln Electric Indonesia,Indonesia,
59527-2020q1-59527-0000059527-20-000007,PT Lincoln Indoweld,Indonesia,
59527-2020q1-59527-0000059527-20-000007,Rimrock Corporation,United States,
59527-2020q1-59527-0000059527-20-000007,Rimrock Holdings Corporation,United States,
59527-2020q1-59527-0000059527-20-000007,Robolution GmbH,Germany,
59527-2020q1-59527-0000059527-20-000007,"Smart Force, LLC",United States,
59527-2020q1-59527-0000059527-20-000007,Specialised Welding Products Pty. Ltd.,Australia,
59527-2020q1-59527-0000059527-20-000007,SSM RP Holding B.V.,The Netherlands,
59527-2020q1-59527-0000059527-20-000007,"Techalloy, Inc.",United States,
59527-2020q1-59527-0000059527-20-000007,"Tennessee Rand, Inc.",United States,
59527-2020q1-59527-0000059527-20-000007,Tenwell Development Pte. Ltd.,Singapore,
59527-2020q1-59527-0000059527-20-000007,The Lincoln Electric Company,United States,
59527-2020q1-59527-0000059527-20-000007,The Lincoln Electric Company (Asia Pacific) Pte. Ltd.,Singapore,
59527-2020q1-59527-0000059527-20-000007,The Lincoln Electric Company (Australia) Proprietary Limited,Australia,
59527-2020q1-59527-0000059527-20-000007,The Lincoln Electric Company (New Zealand) Limited,New Zealand,
59527-2020q1-59527-0000059527-20-000007,The Lincoln Electric Company of South Africa (Pty) Ltd.,South Africa,
59527-2020q1-59527-0000059527-20-000007,The Lincoln Electric Heli (Zhengzhou) Welding Materials Company Ltd.,China,
59527-2020q1-59527-0000059527-20-000007,"The Lincoln Electric Welding Technology & Training Center, LLC",United States,
59527-2020q1-59527-0000059527-20-000007,"The Nanjing Lincoln Electric Co., Ltd.",China,
59527-2020q1-59527-0000059527-20-000007,"The Shanghai Lincoln Electric Co., Ltd.",China,
59527-2020q1-59527-0000059527-20-000007,Uhrhan & Schwill Schweisstechnik GmbH,Germany,
59527-2020q1-59527-0000059527-20-000007,"Vizient Manufacturing Solutions, Inc.",United States,
59527-2020q1-59527-0000059527-20-000007,"Wayne Trail Technologies, Inc.",United States,
59527-2020q1-59527-0000059527-20-000007,Weartech International Limited,United Kingdom,
59527-2020q1-59527-0000059527-20-000007,"Weartech International, Inc.",United States,
59527-2020q1-59527-0000059527-20-000007,"Welding, Cutting, Tools & Accessories, LLC",United States,
59527-2020q1-59527-0000059527-20-000007,"Wolf Robotics, LLC",United States,
61339-2017q1-61339-0001161728-17-000004,Madison Gas and Electric Company,,
61339-2017q1-61339-0001161728-17-000004,MGE Power LLC,,
61339-2017q1-61339-0001161728-17-000004,"MGE Power West Campus, LLC",,
61339-2017q1-61339-0001161728-17-000004,"MGE Power Elm Road, LLC",,
61339-2017q1-61339-0001161728-17-000004,MGE Transco Investment LLC,,
61339-2017q1-61339-0001161728-17-000004,MGEE Transco LLC,,
61339-2017q1-61339-0001161728-17-000004,Central Wisconsin Development Corporation,,
61339-2017q1-61339-0001161728-17-000004,"MAGAEL, LLC",,
61339-2017q1-61339-0001161728-17-000004,"MGE Services, LLC",,
61339-2017q1-61339-0001161728-17-000004,"NGV Fueling Services, LLC",,
61339-2017q1-61339-0001161728-17-000004,"North Mendota Energy & Technology Park, LLC",,
61339-2017q1-61339-0001161728-17-000004,"MGE State Energy Services, LLC",,
61339-2017q1-61339-0001161728-17-000004,"State Energy Services, LLC",,
107815-2017q1-107815-0000107815-17-000106,"ATC Management, Inc.",Wisconsin,26.24
107815-2017q1-107815-0000107815-17-000106,American Transmission Company LLC,Wisconsin,23.04
107815-2017q1-107815-0000107815-17-000106,Bostco LLC,Wisconsin,100
1317577-2013q3-1317577-0001193125-13-356794,"Elemental Energy, Inc.",Arizona,
1317577-2013q3-1317577-0001193125-13-356794,Klondyke Construction LLC,Arizona,
1317577-2013q3-1317577-0001193125-13-356794,"Pike Electric, LLC",North Carolina,
1317577-2013q3-1317577-0001193125-13-356794,"Pike Energy Solutions, LLC",North Carolina,
1317577-2013q3-1317577-0001193125-13-356794,"Pike Enterprises, Inc.",North Carolina,
1317577-2013q3-1317577-0001193125-13-356794,"Pike Equipment and Supply Company, LLC",North Carolina,
1317577-2013q3-1317577-0001193125-13-356794,"Pine Valley Power, Inc.",Utah,
1317577-2013q3-1317577-0001193125-13-356794,"Synergetic Design Holdings, Inc.",Delaware,
1317577-2013q3-1317577-0001193125-13-356794,"UC Synergetic, Inc.",South Carolina,
40545-2004q1-40545-0000040545-04-000013,"AMERICAN SILICONES, INC.",Indiana,100
40545-2004q1-40545-0000040545-04-000013,"BENTLY NEVADA, LLC",Delaware,100
40545-2004q1-40545-0000040545-04-000013,CARIBE GE INTERNATIONAL ELECTRIC METERS CORP,Puerto Rico,100
40545-2004q1-40545-0000040545-04-000013,"CARDINAL COGEN, INC.",Delaware,100
40545-2004q1-40545-0000040545-04-000013,"DATEX-OHMEDA, INC.",Delaware,100
40545-2004q1-40545-0000040545-04-000013,ELANO CORPORATION,Ohio,100
40545-2004q1-40545-0000040545-04-000013,"GEAE TECHNOLOGY, INC.",Delaware,100
40545-2004q1-40545-0000040545-04-000013,GE CGR EUROPE,France,100
40545-2004q1-40545-0000040545-04-000013,"GE DRIVES and CONTROLS, INC.",Delaware,100
40545-2004q1-40545-0000040545-04-000013,GE DRUCK HOLDINGS LIMITED,Delaware,100
40545-2004q1-40545-0000040545-04-000013,"GE ELECTRIC CANADA, INC.",Canada,100
40545-2004q1-40545-0000040545-04-000013,"GE ENERGY EUROPE, BV",Netherlands,100
40545-2004q1-40545-0000040545-04-000013,GE ENERGY PARTS INC.,Delaware,100
40545-2004q1-40545-0000040545-04-000013,"GE ENERGY PRODUCTS, INC.",Delaware,100
40545-2004q1-40545-0000040545-04-000013,"GE ENERGY SERVICES, INC.",Delaware,100
40545-2004q1-40545-0000040545-04-000013,"GE ENERGY SERVICES-DALLAS, LP",Delaware,100
40545-2004q1-40545-0000040545-04-000013,"GE ENGINE SERVICES DISTRIBUTION, LLC.",Delaware,100
40545-2004q1-40545-0000040545-04-000013,"GE ENGINE SERVICES, INC.",Delaware,100
40545-2004q1-40545-0000040545-04-000013,GE FANUC AUTOMATION CORPORATION,Delaware,50
40545-2004q1-40545-0000040545-04-000013,GE GAS TURBINES (GREENVILLE) L.L.C,Delaware,100
40545-2004q1-40545-0000040545-04-000013,"GE HUNGARY CO., LTD",Hungary,100
40545-2004q1-40545-0000040545-04-000013,"GE INTERLOGIX, INC.",Delaware,100
40545-2004q1-40545-0000040545-04-000013,"GE INVESTMENT, INC.",Nevada,100
40545-2004q1-40545-0000040545-04-000013,"GE KEPPEL ENERGY SERVICES PTE, INC.",Singapore,100
40545-2004q1-40545-0000040545-04-000013,"GE MEDICAL GLOBAL TECHNOLOGY CO., LLC",Delaware,100
40545-2004q1-40545-0000040545-04-000013,"GE MEDICAL SYSTEMS INFORMATION TECHNOLOGIES, INC.",Wisconsin,100
40545-2004q1-40545-0000040545-04-000013,"GE MEDICAL SYSTEMS, INC.",Delaware,100
40545-2004q1-40545-0000040545-04-000013,GE PACKAGED POWER L.P.,Delaware,100
40545-2004q1-40545-0000040545-04-000013,"GE PETROCHEMICALS, INC.",Delaware,100
40545-2004q1-40545-0000040545-04-000013,"GE PLASTIC FINISHING, INC.",Delaware,100
40545-2004q1-40545-0000040545-04-000013,GE PLASTICS ESPANA ScPA,"Spain & Canary Islands, Balearic Island",100
40545-2004q1-40545-0000040545-04-000013,GE PLASTICS PACIFIC PTE. LTD,Singapore,100
40545-2004q1-40545-0000040545-04-000013,"GE POLYMERLAND, INC",Delaware,100
40545-2004q1-40545-0000040545-04-000013,GE POWER SYSTEMS LICENSING INC,Delaware,100
40545-2004q1-40545-0000040545-04-000013,"GE QUARTZ, INC.",Delaware,100
40545-2004q1-40545-0000040545-04-000013,"GE SILICONES WV, LLC",West Virginia,100
40545-2004q1-40545-0000040545-04-000013,"GE SUPERABRASIVES, INC.",Delaware,100
40545-2004q1-40545-0000040545-04-000013,"GE TRANSPORTATION PARTS, LLC",Delaware,100
40545-2004q1-40545-0000040545-04-000013,"GE TRANSPORTATION SERVICES, LLC.",Delaware,100
40545-2004q1-40545-0000040545-04-000013,"GE TRANSPORTATION SYSTEMS GLOBAL SIGNALING, LLC.",Delaware,100
40545-2004q1-40545-0000040545-04-000013,GEA PRODUCTS LP,Delaware,100
40545-2004q1-40545-0000040545-04-000013,GENERAL ELECTRIC INTERNATIONAL (BENELUX) BV,Netherlands,100
40545-2004q1-40545-0000040545-04-000013,"GENERAL ELECTRIC INTERNATIONAL, INC.",Delaware,100
40545-2004q1-40545-0000040545-04-000013,"GRANITE SERVICES, INC.",Delaware,100
40545-2004q1-40545-0000040545-04-000013,NATIONAL BROADCASTING COMPANY (NBC),Delaware,100
40545-2004q1-40545-0000040545-04-000013,"NUCLEAR FUEL HOLDING CO.,INC",Delaware,100
40545-2004q1-40545-0000040545-04-000013,NUOVO PIGNONE HOLDING S.P.A,Italy,100
40545-2004q1-40545-0000040545-04-000013,OEC MEDICAL SYSTEMS INC,Delaware,100
40545-2004q1-40545-0000040545-04-000013,PII LIMITED,United Kingdom & Northern Ireland,100
40545-2004q1-40545-0000040545-04-000013,"REUTER-STOKES, INC.",Delaware,100
40545-2004q1-40545-0000040545-04-000013,"SENSING SOLUTIONS, INC.",Delaware,100
40545-2004q1-40545-0000040545-04-000013,"VICEROY, INC.",Delaware,100
40545-2004q1-40545-0000040545-04-000013,"GENERAL ELECTRIC CAPITAL SERVICES, INC.",Delaware,100
40545-2004q1-40545-0000040545-04-000013,General Electric Capital Corporation,New York,100
40545-2004q1-40545-0000040545-04-000013,GE Global Insurance Holding Corporation,Missouri,100
39547-2003q3-39547-0001047469-03-024149,"Turtle Shell, Inc. (f/k/a Snapper, Inc.)","Georgia, USA",
39547-2003q3-39547-0001047469-03-024149,Actava Financial Ltd.,Delaware,
39547-2003q3-39547-0001047469-03-024149,"Actava SHL, Inc.",Delaware,
39547-2003q3-39547-0001047469-03-024149,"Aliso Management Co., Inc.",Delaware,
39547-2003q3-39547-0001047469-03-024149,"Metromedia International Telecommunications, Inc. (f/k/a MITI Merger Corp.)",Delaware,
39547-2003q3-39547-0001047469-03-024149,"Digital Dubbing Services, Inc.",Delaware,
39547-2003q3-39547-0001047469-03-024149,"International Telcell, Inc.",Delaware,
39547-2003q3-39547-0001047469-03-024149,Kamalak TV,Uzbekistan,
39547-2003q3-39547-0001047469-03-024149,Kosmos TV,Russia,
39547-2003q3-39547-0001047469-03-024149,Viginta UAB,Lithuania,
39547-2003q3-39547-0001047469-03-024149,Sun TV SRL,Moldova,
39547-2003q3-39547-0001047469-03-024149,"Romsat Cable TV & Radio, SA",Romania,
39547-2003q3-39547-0001047469-03-024149,"International Telcell Telephony, Inc.",Delaware,
39547-2003q3-39547-0001047469-03-024149,"International Telcell Paging, Inc.",Delaware,
39547-2003q3-39547-0001047469-03-024149,Eurodevelopment OOO,Ukraine,
39547-2003q3-39547-0001047469-03-024149,"Metromedia International Telecommunications Services, Inc.",Delaware,
39547-2003q3-39547-0001047469-03-024149,"International Telcell Services, GmbH",Austria,
39547-2003q3-39547-0001047469-03-024149,"Paging One Services, GmbH",Austria,
39547-2003q3-39547-0001047469-03-024149,"International Telcell SPS, Inc.",Delaware,
39547-2003q3-39547-0001047469-03-024149,Arkhangelskaya Televizionnaya Kompaniya OOO,Russia,
39547-2003q3-39547-0001047469-03-024149,Ayety,"Georgia, CIS",
39547-2003q3-39547-0001047469-03-024149,Baltcom TV,Latvia,
39547-2003q3-39547-0001047469-03-024149,"Metromedia International Programming Services, Inc.",Delaware,
39547-2003q3-39547-0001047469-03-024149,"International Telcell Telephony, Inc.",Delaware,
39547-2003q3-39547-0001047469-03-024149,"International Telcell Cellular, Inc.",Delaware,
39547-2003q3-39547-0001047469-03-024149,Magticom Ltd.,"Georgia, CIS",
39547-2003q3-39547-0001047469-03-024149,Metromedia International Inc.,Delaware,
39547-2003q3-39547-0001047469-03-024149,MII Praha S.R.O.,Czech Republic,
39547-2003q3-39547-0001047469-03-024149,Country Radio,Czech Republic,
39547-2003q3-39547-0001047469-03-024149,Radio One,Czech Republic,
39547-2003q3-39547-0001047469-03-024149,As Trio LSL,Estonia,
39547-2003q3-39547-0001047469-03-024149,Katusha ZAO,Russia,
39547-2003q3-39547-0001047469-03-024149,Radio Georgia,"Georgia, CIS",
39547-2003q3-39547-0001047469-03-024149,SAC ZAO,Russia,
39547-2003q3-39547-0001047469-03-024149,Radio Skonto,Latvia,
39547-2003q3-39547-0001047469-03-024149,Oy Metroradio Finland Ab,Finland,
39547-2003q3-39547-0001047469-03-024149,Metroradio EOOD,Bulgaria,
39547-2003q3-39547-0001047469-03-024149,"Metromedia International Marketing, Inc.",Delaware,
39547-2003q3-39547-0001047469-03-024149,"MII Services, Inc.",Delaware,
39547-2003q3-39547-0001047469-03-024149,"Metromedia Katusha, Inc.",Delaware,
39547-2003q3-39547-0001047469-03-024149,"Metromedia International Consulting Services, Inc.",Delaware,
39547-2003q3-39547-0001047469-03-024149,Juventus KFT,Hungary,
39547-2003q3-39547-0001047469-03-024149,Metromedia Internet Licensing Limited,British Virgin Islands,
39547-2003q3-39547-0001047469-03-024149,"Dotcom Communications, AS",Estonia,
39547-2003q3-39547-0001047469-03-024149,Comstar ZAO,Russia,
39547-2003q3-39547-0001047469-03-024149,"PLD Telekom, Inc.",Delaware,
39547-2003q3-39547-0001047469-03-024149,Peterstar ZAO,Russia,
39547-2003q3-39547-0001047469-03-024149,Baltic Communications Limited ZAO,Russia,
39547-2003q3-39547-0001047469-03-024149,"Cardlink Holdings, Inc.",Delaware,
39547-2003q3-39547-0001047469-03-024149,Cardlink Holdings Limited,Scotland,
39547-2003q3-39547-0001047469-03-024149,Technocom Ltd.,Ireland,
39547-2003q3-39547-0001047469-03-024149,Teleport TP ZAO,Russia,
39547-2003q3-39547-0001047469-03-024149,Metromedia China Corporation,Delaware,
39547-2003q3-39547-0001047469-03-024149,Twin Poplars LLC,Delaware,
39547-2003q3-39547-0001047469-03-024149,Beijing 66cities.com,Peoples Republic of China,
39547-2003q3-39547-0001047469-03-024149,"Metromedia China Services, Inc.",Delaware,
39547-2003q3-39547-0001047469-03-024149,Metromedia China Paging Limited,Cayman Islands,
39547-2003q3-39547-0001047469-03-024149,Metromedia China Telephony Limited,Cayman Islands,
39547-2003q3-39547-0001047469-03-024149,"Clarity Data Systems Co., Ltd.",Peoples Republic of China,
39547-2003q3-39547-0001047469-03-024149,"Metromedia Health Information Systems Co., Ltd.",Peoples Republic of China,
39547-2003q3-39547-0001047469-03-024149,Asian American Telecommunications Corporation,Cayman Islands,
39547-2003q3-39547-0001047469-03-024149,"Huaxia Metromedia Technology Co., Ltd.",Peoples Republic of China,
49728-2011q4-49728-0001144204-11-070058,"IEC Electronics Wire and Cable, Inc.",New York,
49728-2011q4-49728-0001144204-11-070058,IEC Electronics Corp.-Albuquerque,New Mexico,
49728-2011q4-49728-0001144204-11-070058,"Dynamic Research and Testing Laboratories, LLC",New Mexico,
49728-2011q4-49728-0001144204-11-070058,"Southern California Braiding, Inc.",Delaware,
200155-1999q1-200155-0000021267-99-000027,"CIG Exploration, Inc",Delaware,
200155-1999q1-200155-0000021267-99-000027,CIG Field Services Company,Delaware,
200155-1999q1-200155-0000021267-99-000027,"Great Divide Gas Services, LLC",Colorado,73
200155-1999q1-200155-0000021267-99-000027,Colorado Water Supply Company,Delaware,
200155-1999q1-200155-0000021267-99-000027,Colorado Interstate Production Company,Delaware,
315858-2019q1-315858-0000315858-19-000023,"Woodbridge Holdings, LLC",Florida,
315858-2019q1-315858-0000315858-19-000023,"BBX Capital Florida, LLC",Florida,
315858-2019q1-315858-0000315858-19-000023,"Eden Services, Inc.",Florida,
315858-2019q1-315858-0000315858-19-000023,"BankAtlantic Financial Ventures II, LLC",Florida,
315858-2019q1-315858-0000315858-19-000023,"I.R.E. Property Analysts, Inc.",Florida,
315858-2019q1-315858-0000315858-19-000023,"I.R.E. Energy 1981, Inc.",Florida,
315858-2019q1-315858-0000315858-19-000023,Kingsway Services Inc.,Florida,
315858-2019q1-315858-0000315858-19-000023,"Risk Management Services, LLC",Florida,
315858-2019q1-315858-0000315858-19-000023,"BFC/CCC, Inc.",Florida,
315858-2019q1-315858-0000315858-19-000023,"B-D2 Holdings, LLC",Florida,
315858-2019q1-315858-0000315858-19-000023,"B-DJ Holdings, LLC",Florida,
315858-2019q1-315858-0000315858-19-000023,"B-26 Holdings, LLC",Florida,
315858-2019q1-315858-0000315858-19-000023,D-2 Acquisition,Florida,
315858-2019q1-315858-0000315858-19-000023,"BBX Capital Captive Insurance Company, LLC",Tennessee,
315858-2019q1-315858-0000315858-19-000023,"LAS Trademark, LLC",Florida,
315858-2019q1-315858-0000315858-19-000023,Bluegreen Vacations Corporation,Florida,
315858-2019q1-315858-0000315858-19-000023,BXG Florida Corporation,Florida,
315858-2019q1-315858-0000315858-19-000023,"Core Communities of South Carolina, LLC",So. Carolina,
315858-2019q1-315858-0000315858-19-000023,"Carolina Oak Homes, LLC",So. Carolina,
315858-2019q1-315858-0000315858-19-000023,"ODI Program Partnership, LLLP",Florida,
315858-2019q1-315858-0000315858-19-000023,"PF Program Partnership, LP",Delaware,
315858-2019q1-315858-0000315858-19-000023,PF Program GP LLC,Delaware,
315858-2019q1-315858-0000315858-19-000023,"BBCV Receivables-Q 2010, LLC",Delaware,
315858-2019q1-315858-0000315858-19-000023,"Big Cedar JV Interiors, LLC",Delaware,
315858-2019q1-315858-0000315858-19-000023,Bluegreen Asset Management Corporation,Delaware,
315858-2019q1-315858-0000315858-19-000023,"Bluegreen Beverage, LLC",Delaware,
315858-2019q1-315858-0000315858-19-000023,"Bluegreen Communities of Georgia, LLC",Georgia,
315858-2019q1-315858-0000315858-19-000023,"Bluegreen Communities of Texas, LP",Delaware,
315858-2019q1-315858-0000315858-19-000023,"Bluegreen Communities, LLC",Delaware,
315858-2019q1-315858-0000315858-19-000023,Bluegreen Corporation of Tennessee,Delaware,
315858-2019q1-315858-0000315858-19-000023,"Bluegreen Golf Clubs, Inc.",Delaware,
315858-2019q1-315858-0000315858-19-000023,Bluegreen Guaranty Corporation,Florida,
315858-2019q1-315858-0000315858-19-000023,"Bluegreen HoldCo, LLC",Nevada,
315858-2019q1-315858-0000315858-19-000023,Bluegreen Holding Corporation (Texas),Delaware,
315858-2019q1-315858-0000315858-19-000023,"Bluegreen Louisiana, LLC",Delaware,
315858-2019q1-315858-0000315858-19-000023,"Bluegreen Nevada, LLC",Delaware,
315858-2019q1-315858-0000315858-19-000023,"Bluegreen New Jersey, LLC",Delaware,
315858-2019q1-315858-0000315858-19-000023,Bluegreen Properties N.V.,Aruba,
315858-2019q1-315858-0000315858-19-000023,"Bluegreen Properties of Virginia, Inc.",Delaware,
315858-2019q1-315858-0000315858-19-000023,"Bluegreen Purchasing & Design, Inc.",Florida,
315858-2019q1-315858-0000315858-19-000023,Bluegreen Receivables Finance Corporation III,Delaware,
315858-2019q1-315858-0000315858-19-000023,"Bluegreen Resorts International, Inc.",Delaware,
315858-2019q1-315858-0000315858-19-000023,"Bluegreen Resorts Management, Inc.",Delaware,
315858-2019q1-315858-0000315858-19-000023,Bluegreen Servicing LLC,Delaware,
315858-2019q1-315858-0000315858-19-000023,"Bluegreen Southwest Land, Inc.",Delaware,
315858-2019q1-315858-0000315858-19-000023,"Bluegreen Southwest One, L.P.",Delaware,
315858-2019q1-315858-0000315858-19-000023,"Bluegreen Specialty Finance, LLC",Delaware,
315858-2019q1-315858-0000315858-19-000023,Bluegreen Timeshare Finance Corporation I,Delaware,
315858-2019q1-315858-0000315858-19-000023,"Bluegreen Treasury Services, LLC",Delaware,
315858-2019q1-315858-0000315858-19-000023,"Bluegreen Vacations Unlimited, Inc.",Florida,
315858-2019q1-315858-0000315858-19-000023,"Bluegreen/Big Cedar Vacations, LLC",Delaware,
315858-2019q1-315858-0000315858-19-000023,BRFC 2012-A LLC,Delaware,
315858-2019q1-315858-0000315858-19-000023,BRFC 2013-A LLC,Delaware,
315858-2019q1-315858-0000315858-19-000023,BRFC 2015-A LLC,Delaware,
315858-2019q1-315858-0000315858-19-000023,BRFC 2016-A LLC,Delaware,
315858-2019q1-315858-0000315858-19-000023,BRFC 2017-A LLC,Delaware,
315858-2019q1-315858-0000315858-19-000023,BRFC 2018-A LLC,Delaware,
315858-2019q1-315858-0000315858-19-000023,BRFC III Deed Corporation,Delaware,
315858-2019q1-315858-0000315858-19-000023,"BRFC-Q 2010, LLC",Delaware,
315858-2019q1-315858-0000315858-19-000023,BRM Bahamas Limited,Bahamas,
315858-2019q1-315858-0000315858-19-000023,"BXG Construction, LLC",Delaware,
315858-2019q1-315858-0000315858-19-000023,"BXG Mineral Holdings, LLC",Delaware,
315858-2019q1-315858-0000315858-19-000023,"Catawba Falls, LLC",North Carolina,
315858-2019q1-315858-0000315858-19-000023,"Encore Rewards, Inc.",Delaware,
315858-2019q1-315858-0000315858-19-000023,"Family Fun Company, LLC",Delaware,
315858-2019q1-315858-0000315858-19-000023,"Great Vacation Destinations, Inc.",Florida,
315858-2019q1-315858-0000315858-19-000023,Jordan Lake Preserve Corporation,North Carolina,
315858-2019q1-315858-0000315858-19-000023,Leisure Capital Corporation,Vermont,
315858-2019q1-315858-0000315858-19-000023,"Leisure Communication Network, Inc.",Delaware,
315858-2019q1-315858-0000315858-19-000023,Managed Assets Corporation,Delaware,
315858-2019q1-315858-0000315858-19-000023,New England Advertising Corporation,Vermont,
315858-2019q1-315858-0000315858-19-000023,"Outdoor Traveler Destinations, LLC",Florida,
315858-2019q1-315858-0000315858-19-000023,"Pinnacle Vacations, Inc.",Delaware,
315858-2019q1-315858-0000315858-19-000023,"Prizzma, LLC",Delaware,
315858-2019q1-315858-0000315858-19-000023,"Resort Title Agency, Inc.",Florida,
315858-2019q1-315858-0000315858-19-000023,"SC Holdco, LLC",Delaware,
315858-2019q1-315858-0000315858-19-000023,"Select Connections, LLC",Delaware,
315858-2019q1-315858-0000315858-19-000023,TFRI 2013-1 LLC,Delaware,
315858-2019q1-315858-0000315858-19-000023,"BBX Capital Real Estate, LLC",Florida,
315858-2019q1-315858-0000315858-19-000023,"BBX Capital Partners, LLC",Florida,
315858-2019q1-315858-0000315858-19-000023,"BBX Sweet Holdings, LLC",Florida,
315858-2019q1-315858-0000315858-19-000023,"Food for Thought Restaurant Group – Florida, LLC",Florida,
315858-2019q1-315858-0000315858-19-000023,"Renin Holdings, LLC",Florida,
315858-2019q1-315858-0000315858-19-000023,"BBX Partners, Inc.",Florida,
315858-2019q1-315858-0000315858-19-000023,"BBX Capital Asset Management, LLC",Florida,
315858-2019q1-315858-0000315858-19-000023,"Florida Asset Resolution Group, LLC",Florida,
315858-2019q1-315858-0000315858-19-000023,"BBX Altman Operating Entities, LLC",Florida,
315858-2019q1-315858-0000315858-19-000023,"BBX Altis Projects, LLC",Florida,
315858-2019q1-315858-0000315858-19-000023,"BBX Capital Real Estate Investments, LLC",Florida,
315858-2019q1-315858-0000315858-19-000023,"BBX Las Olas Investments, LLC",Florida,
315858-2019q1-315858-0000315858-19-000023,"BBX Altman Holdings, LLC",Florida,
315858-2019q1-315858-0000315858-19-000023,"Heartwood Partners 1, LLC",Florida,
315858-2019q1-315858-0000315858-19-000023,"Heartwood Partners 2, LLC",Florida,
315858-2019q1-315858-0000315858-19-000023,"Heartwood Partners 3, LLC",Florida,
315858-2019q1-315858-0000315858-19-000023,"BBX Chapel Trail, LLC",Florida,
315858-2019q1-315858-0000315858-19-000023,"BBX Shingle Creek, LLC",Florida,
315858-2019q1-315858-0000315858-19-000023,"BBX Miramar, LLC",Florida,
315858-2019q1-315858-0000315858-19-000023,"BBX Centra, LLC",Florida,
315858-2019q1-315858-0000315858-19-000023,"FL Cell Tower, LLC",Florida,
315858-2019q1-315858-0000315858-19-000023,"BBX Bonterra Multifamily, LLC",Florida,
315858-2019q1-315858-0000315858-19-000023,"BBX Gardens Multifamily, LLC",Florida,
315858-2019q1-315858-0000315858-19-000023,"BBX Austin, LLC",Florida,
315858-2019q1-315858-0000315858-19-000023,"BBX Hialeah Apartments, LLC",Florida,
315858-2019q1-315858-0000315858-19-000023,"Hialeah Multifamily, LLC",Florida,
315858-2019q1-315858-0000315858-19-000023,"BBX Residential Victoria Park, LLC",Florida,
315858-2019q1-315858-0000315858-19-000023,"Premier Flagler, LLC",Florida,
315858-2019q1-315858-0000315858-19-000023,Banc Servicing Center LLC,Florida,
315858-2019q1-315858-0000315858-19-000023,"Fidelity Service, LLC",Florida,
315858-2019q1-315858-0000315858-19-000023,"Fidelity Tax, LLC",Florida,
315858-2019q1-315858-0000315858-19-000023,"Heartwood 3, LLC",Florida,
315858-2019q1-315858-0000315858-19-000023,"Heartwood 4, LLC",Florida,
315858-2019q1-315858-0000315858-19-000023,"Heartwood 7, LLC",Florida,
315858-2019q1-315858-0000315858-19-000023,"Heartwood 11, LLC",Florida,
315858-2019q1-315858-0000315858-19-000023,"FL Billboards, LLC",Florida,
315858-2019q1-315858-0000315858-19-000023,"Heartwood 18, LLC",Florida,
315858-2019q1-315858-0000315858-19-000023,"Heartwood 19, LLC",Florida,
315858-2019q1-315858-0000315858-19-000023,"Heartwood 21, LLC",Florida,
315858-2019q1-315858-0000315858-19-000023,"Heartwood 23, LLC",Florida,
315858-2019q1-315858-0000315858-19-000023,"Heartwood 24, LLC",Florida,
315858-2019q1-315858-0000315858-19-000023,"Heartwood 40, LLC",Florida,
315858-2019q1-315858-0000315858-19-000023,"Heartwood 41, LLC",Florida,
315858-2019q1-315858-0000315858-19-000023,"Heartwood 42, LLC",Florida,
315858-2019q1-315858-0000315858-19-000023,"Heartwood 44, LLC",Florida,
315858-2019q1-315858-0000315858-19-000023,"Heartwood 47, LLC",Florida,
315858-2019q1-315858-0000315858-19-000023,"Heartwood 50, LLC",Florida,
315858-2019q1-315858-0000315858-19-000023,"Heartwood 88, LLC",Florida,
315858-2019q1-315858-0000315858-19-000023,"Heartwood 90, LLC",Florida,
315858-2019q1-315858-0000315858-19-000023,"Heartwood 91, LLC",Florida,
315858-2019q1-315858-0000315858-19-000023,"Heartwood 91-2, LLC",Florida,
315858-2019q1-315858-0000315858-19-000023,"Heartwood 91-3, LLC",Florida,
315858-2019q1-315858-0000315858-19-000023,"Heartwood 91-4, LLC",Florida,
315858-2019q1-315858-0000315858-19-000023,"Heartwood 92, LLC",Florida,
315858-2019q1-315858-0000315858-19-000023,"BBX Grand Central, LLC",Florida,
315858-2019q1-315858-0000315858-19-000023,"BBX Promenade, LLC",Florida,
315858-2019q1-315858-0000315858-19-000023,"BBX Ludlam-Miami, LLC",Florida,
315858-2019q1-315858-0000315858-19-000023,Unique Restaurant of Mizner Park Inc.,Florida,
315858-2019q1-315858-0000315858-19-000023,"Heartwood 58, LLC",Florida,
315858-2019q1-315858-0000315858-19-000023,"FAR Holdings Group, LLC",Florida,
315858-2019q1-315858-0000315858-19-000023,"FT Properties, LLC",Florida,
315858-2019q1-315858-0000315858-19-000023,"Sunrise Atlantic, LLC",Florida,
315858-2019q1-315858-0000315858-19-000023,"Heartwood 45, LLC",Florida,
315858-2019q1-315858-0000315858-19-000023,"Heartwood 56, LLC",Florida,
315858-2019q1-315858-0000315858-19-000023,"Heartwood 57, LLC",Florida,
315858-2019q1-315858-0000315858-19-000023,"Heartwood 2, LLC",Florida,
315858-2019q1-315858-0000315858-19-000023,"Heartwood 43, LLC",Florida,
315858-2019q1-315858-0000315858-19-000023,"Heartwood 55, LLC",Florida,
315858-2019q1-315858-0000315858-19-000023,"FAR 1, LLC",Florida,
315858-2019q1-315858-0000315858-19-000023,"FAR 2, LLC",Florida,
315858-2019q1-315858-0000315858-19-000023,"FAR 3, LLC",Florida,
315858-2019q1-315858-0000315858-19-000023,"FAR 4, LLC",Florida,
315858-2019q1-315858-0000315858-19-000023,"FAR 5, LLC",Florida,
315858-2019q1-315858-0000315858-19-000023,"FAR 6, LLC",Florida,
315858-2019q1-315858-0000315858-19-000023,"The Hoffman Commercial Group, Inc.",Florida,
315858-2019q1-315858-0000315858-19-000023,"Good Fortunes East, LLC",Florida,
315858-2019q1-315858-0000315858-19-000023,"Boca Bons East, LLC",Florida,
315858-2019q1-315858-0000315858-19-000023,"B&B Bons, LLC",Florida,
315858-2019q1-315858-0000315858-19-000023,"S&F Good Fortunes, LLC",Florida,
315858-2019q1-315858-0000315858-19-000023,"Hoffchoc, LLC",Florida,
315858-2019q1-315858-0000315858-19-000023,"Hoffmans Chocolate, LLC",Florida,
315858-2019q1-315858-0000315858-19-000023,"Brea Enterprises, LLC",Florida,
315858-2019q1-315858-0000315858-19-000023,"Chocolate Acquisition Sub, LLC dba Kron Chocolatier",Florida,
315858-2019q1-315858-0000315858-19-000023,"Las Olas Confections and Snacks, LLC",Florida,
315858-2019q1-315858-0000315858-19-000023,IT’SUGAR Holdings. LLC,Florida,
315858-2019q1-315858-0000315858-19-000023,"Jer's Chocolates, LLC",California,
315858-2019q1-315858-0000315858-19-000023,"Helen Grace Chocolates, LLC",California,
315858-2019q1-315858-0000315858-19-000023,"Droga Chocolates, LLC",Florida,
315858-2019q1-315858-0000315858-19-000023,"Kencraft Confections, LLC",Utah,
315858-2019q1-315858-0000315858-19-000023,Sweet Acquisitions UT2,Utah,
315858-2019q1-315858-0000315858-19-000023,"Anastasia Confections, Inc.",Florida,
315858-2019q1-315858-0000315858-19-000023,"Lone Peak Asia, LLC",Utah,
315858-2019q1-315858-0000315858-19-000023,"IT’SUGAR, LLC",Florida,
315858-2019q1-315858-0000315858-19-000023,"IT’Sugar Atlantic City, LLC",Delaware,
315858-2019q1-315858-0000315858-19-000023,"IT’Sugar FLGC, LLC",Florida,
315858-2019q1-315858-0000315858-19-000023,Food For Thought Restaurant Group – LLC,Florida,
315858-2019q1-315858-0000315858-19-000023,"Food For Thought Restaurant Group – Operations, LLC",Florida,
315858-2019q1-315858-0000315858-19-000023,"Renin US, LLC",Mississippi,
315858-2019q1-315858-0000315858-19-000023,Renin Canada Corporation,Canada,
315858-2019q1-315858-0000315858-19-000023,Renin UK Corporation,United Kingdom,
718877-2008q2-718877-0001047469-08-007085,Activision Asia Pacific Holding Pte. Ltd.,Singapore,
718877-2008q2-718877-0001047469-08-007085,Activision Beteiligungs GmbH,Germany,
718877-2008q2-718877-0001047469-08-007085,"Activision Canada, Inc.",Canada,
718877-2008q2-718877-0001047469-08-007085,Activision Deutschland GmbH,Germany,
718877-2008q2-718877-0001047469-08-007085,"Activision Europe, Limited",United Kingdom,
718877-2008q2-718877-0001047469-08-007085,Activision GmbH,Germany,
718877-2008q2-718877-0001047469-08-007085,Activision International B.V.,The Netherlands,
718877-2008q2-718877-0001047469-08-007085,"Activision International Europe, LLC",California,
718877-2008q2-718877-0001047469-08-007085,"Activision Italia, S.r.l",Italy,
718877-2008q2-718877-0001047469-08-007085,Activision Japan,Japan,
718877-2008q2-718877-0001047469-08-007085,"Activision Korea, Ltd.",South Korea,
718877-2008q2-718877-0001047469-08-007085,"Activision, Ltd.",Japan,
718877-2008q2-718877-0001047469-08-007085,Activision Luxembourg S.a.r.l.,Luxembourg,
718877-2008q2-718877-0001047469-08-007085,Activision Luxembourg S.a.r.l.,Nevada,
718877-2008q2-718877-0001047469-08-007085,Activision Nordic,Nordic,
718877-2008q2-718877-0001047469-08-007085,"Activision Productions, Inc.",Delaware,
718877-2008q2-718877-0001047469-08-007085,Activision Pty Ltd.,Australia,
718877-2008q2-718877-0001047469-08-007085,"Activision Publishing Europe, LLP",United Kingdom,
718877-2008q2-718877-0001047469-08-007085,"Activision Publishing, Inc.",Delaware,
718877-2008q2-718877-0001047469-08-007085,"Activision Publishing International, Inc.",California,
718877-2008q2-718877-0001047469-08-007085,Activision Publishing Ireland Ltd.,Ireland,
718877-2008q2-718877-0001047469-08-007085,"Activision Singapore Pte, Ltd.",Singapore,
718877-2008q2-718877-0001047469-08-007085,"Activision Spain, S.A.U.",Spain,
718877-2008q2-718877-0001047469-08-007085,Activision Testing & Verification Inc.,California,
718877-2008q2-718877-0001047469-08-007085,"Activision Texas, Inc.",Texas,
718877-2008q2-718877-0001047469-08-007085,Activision U.K. Ltd.,United Kingdom,
718877-2008q2-718877-0001047469-08-007085,"Activision Value Publishing, Inc.",Minnesota,
718877-2008q2-718877-0001047469-08-007085,Activision Vermogensverwaltungs GmbH,Germany,
718877-2008q2-718877-0001047469-08-007085,Advantage Entertainment Distribution Limited,United Kingdom,
718877-2008q2-718877-0001047469-08-007085,ATVI France SAS,France,
718877-2008q2-718877-0001047469-08-007085,Beenox Inc.,Canada,
718877-2008q2-718877-0001047469-08-007085,CD Contact Data BV,The Netherlands,
718877-2008q2-718877-0001047469-08-007085,CD Contact Data GmbH,Germany,
718877-2008q2-718877-0001047469-08-007085,Centresoft Ltd.,United Kingdom,
718877-2008q2-718877-0001047469-08-007085,Combined Distribution Holdings Ltd.,United Kingdom,
718877-2008q2-718877-0001047469-08-007085,Contact Data Belgium N.V.,Belgium,
718877-2008q2-718877-0001047469-08-007085,"Demonware, Inc.",Delaware,
718877-2008q2-718877-0001047469-08-007085,Demonware Ltd.,Ireland,
718877-2008q2-718877-0001047469-08-007085,Demonware Canada,Canada,
718877-2008q2-718877-0001047469-08-007085,"Expert Software, Inc.",Delaware,
718877-2008q2-718877-0001047469-08-007085,Igloo Distribution Limited,United Kingdom,
718877-2008q2-718877-0001047469-08-007085,"Infinity Ward, Inc.",Delaware,
718877-2008q2-718877-0001047469-08-007085,"Kaboom.com, Inc.",Delaware,
718877-2008q2-718877-0001047469-08-007085,"Luxoflux, Inc.",Delaware,
718877-2008q2-718877-0001047469-08-007085,NBG EDV Handels-und Verlags GmbH & Co. KG,Germany,
718877-2008q2-718877-0001047469-08-007085,"Neversoft Entertainment, Inc.",California,
718877-2008q2-718877-0001047469-08-007085,PDQ Distribution Ltd.,United Kingdom,
718877-2008q2-718877-0001047469-08-007085,"RedOctane, Inc.",California,
718877-2008q2-718877-0001047469-08-007085,RedOctane Limited,UK,
718877-2008q2-718877-0001047469-08-007085,RedOctane Technologies Pvt. Ltd.,India,
718877-2008q2-718877-0001047469-08-007085,"Shaba Games, Inc.",Delaware,
718877-2008q2-718877-0001047469-08-007085,Target Software Vertriebs GmbH,Germany,
718877-2008q2-718877-0001047469-08-007085,Treyarch Corporation,Delaware,
718877-2008q2-718877-0001047469-08-007085,"Toys For Bob, Inc.",California,
718877-2008q2-718877-0001047469-08-007085,"Vicarious Visions, Inc.",New York,
811669-2005q1-811669-0000950123-05-002610,International Wine & Spirits Ltd.,Delaware,100
811669-2005q1-811669-0000950123-05-002610,Ste. Michelle Wine Estates Ltd.,Washington,100
811669-2005q1-811669-0000950123-05-002610,U.S. Smokeless Tobacco Company,Delaware,100
811669-2005q1-811669-0000950123-05-002610,U.S. Smokeless Tobacco Manufacturing Limited Partnership,Delaware,100
811669-2005q1-811669-0000950123-05-002610,U.S. Smokeless Tobacco Brands Inc.,Delaware,100
857501-2017q3-857501-0001065949-17-000087,Jacobs & Company,West Virginia,
857501-2017q3-857501-0001065949-17-000087,"FS Investments, Inc.",West Virginia,
857501-2017q3-857501-0001065949-17-000087,"Triangle Surety Agency, Inc.",West Virginia,
857501-2017q3-857501-0001065949-17-000087,First Surety Corporation,West Virginia,
857501-2017q3-857501-0001065949-17-000087,"Crystal Mountain Water, Inc.",Arkansas,
874501-2015q1-874501-0000874501-15-000013,Ambac Assurance Corporation,Wisconsin,
874501-2015q1-874501-0000874501-15-000013,Ambac Assurance UK Limited,United Kingdom Insurance Company,
874501-2015q1-874501-0000874501-15-000013,Ambac Capital Corporation,Delaware,
874501-2015q1-874501-0000874501-15-000013,"Ambac Capital Funding, Inc.",Delaware,
874501-2015q1-874501-0000874501-15-000013,"Ambac Credit Products, LLC",Delaware,
874501-2015q1-874501-0000874501-15-000013,"Ambac Investments, Inc.",Delaware,
874501-2015q1-874501-0000874501-15-000013,"Ambac Financial Services, LLC",Delaware,
874501-2015q1-874501-0000874501-15-000013,Everspan Financial Guarantee Corp.,Wisconsin,
874501-2015q1-874501-0000874501-15-000013,"Connie Lee Holdings, Inc.",Delaware,
874501-2015q1-874501-0000874501-15-000013,Ortley Investments LLC,Delaware,
874501-2015q1-874501-0000874501-15-000013,"Orient Bay, LLC",Delaware,
874501-2015q1-874501-0000874501-15-000013,"AE Global Holdings, LLC",Delaware,
874501-2015q1-874501-0000874501-15-000013,"AE Global Asset Funding, LLC",Delaware,
874501-2015q1-874501-0000874501-15-000013,"AE Global Investments, LLC",Delaware,
874501-2015q1-874501-0000874501-15-000013,"Ambac Japan Co., Ltd",Japan,
874501-2015q1-874501-0000874501-15-000013,Ambac Conduit Funding LLC,Delaware,
874501-2015q1-874501-0000874501-15-000013,Ambac Credit Products Limited,United Kingdom,
874501-2015q1-874501-0000874501-15-000013,Juneau Investments LLC,Delaware,
908255-2013q1-908255-0000908255-13-000006,BorgWarner TorqTransfer Systems Inc.,,
908255-2013q1-908255-0000908255-13-000006,BorgWarner Powdered Metals Inc.,,
908255-2013q1-908255-0000908255-13-000006,BorgWarner South Asia Inc.,,
908255-2013q1-908255-0000908255-13-000006,Divgi-Warner Private Limited,,
908255-2013q1-908255-0000908255-13-000006,BorgWarner Automotive Asia Limited,,
908255-2013q1-908255-0000908255-13-000006,"BorgWarner Automotive Components (Ningbo) Co., Ltd.",,
908255-2013q1-908255-0000908255-13-000006,BorgWarner Shenglong (Ningbo) Co. Ltd.,,
908255-2013q1-908255-0000908255-13-000006,"BorgWarner TorqTransfer Systems Beijing Co., Ltd.",,
908255-2013q1-908255-0000908255-13-000006,"BorgWarner United Transmission Systems Co., Ltd.",,
908255-2013q1-908255-0000908255-13-000006,BorgWarner Diversified Transmission Products Inc.,,
908255-2013q1-908255-0000908255-13-000006,BorgWarner Diversified Transmission Products Services Inc.,,
908255-2013q1-908255-0000908255-13-000006,BorgWarner Drivetrain Management Services de Mexico S.A. de C.V. ,,
908255-2013q1-908255-0000908255-13-000006,BorgWarner Drivetrain de Mexico S.A. de C.V.,,
908255-2013q1-908255-0000908255-13-000006,BorgWarner Poland Sp. z.o.o,,
908255-2013q1-908255-0000908255-13-000006,BorgWarner Drivetrain Engineering GmbH,,
908255-2013q1-908255-0000908255-13-000006,BorgWarner TorqTransfer Systems Ochang Inc.,,
908255-2013q1-908255-0000908255-13-000006,BorgWarner Emissions Systems Inc.,,
908255-2013q1-908255-0000908255-13-000006,BorgWarner Emissions Systems of Michigan Inc. ,,
908255-2013q1-908255-0000908255-13-000006,BorgWarner Emissions Systems Holding Inc. ,,
908255-2013q1-908255-0000908255-13-000006,BorgWarner Thermal Systems Inc.,,
908255-2013q1-908255-0000908255-13-000006,BorgWarner Thermal Systems of Michigan Inc.,,
908255-2013q1-908255-0000908255-13-000006,BorgWarner Cooling Systems (India) Private Limited ,,
908255-2013q1-908255-0000908255-13-000006,BorgWarner Morse TEC Inc.,,
908255-2013q1-908255-0000908255-13-000006,BorgWarner Canada Inc.,,
908255-2013q1-908255-0000908255-13-000006,BorgWarner Japan Inc.,,
908255-2013q1-908255-0000908255-13-000006,BorgWarner Morse TEC Japan K.K.,,
908255-2013q1-908255-0000908255-13-000006,"BorgWarner Morse TEC Mexico, S.A. de C.V.",,
908255-2013q1-908255-0000908255-13-000006,BorgWarner Morse TEC Private Limited,,
908255-2013q1-908255-0000908255-13-000006,BorgWarner Morse TEC Korea Ltd.,,
908255-2013q1-908255-0000908255-13-000006,BorgWarner Transmission Systems Inc.,,
908255-2013q1-908255-0000908255-13-000006,BorgWarner Transmission Systems Monaco S.A.M.,,
908255-2013q1-908255-0000908255-13-000006,BorgWarner NW Inc.,,
908255-2013q1-908255-0000908255-13-000006,BorgWarner Transmission Systems Korea Ltd.,,
908255-2013q1-908255-0000908255-13-000006,Transmission Systems AutoForm Ltd.,,
908255-2013q1-908255-0000908255-13-000006,NSK-Warner K.K.,,
908255-2013q1-908255-0000908255-13-000006,"NSK-Warner (Shanghai) Co., Ltd.",,
908255-2013q1-908255-0000908255-13-000006,"NSK-Warner U.S.A., Inc.",,
908255-2013q1-908255-0000908255-13-000006,BorgWarner Europe Inc.,,
908255-2013q1-908255-0000908255-13-000006,BorgWarner Holding Inc.,,
908255-2013q1-908255-0000908255-13-000006,BorgWarner Transmission Systems Tulle S.A.S. ,,
908255-2013q1-908255-0000908255-13-000006,BorgWarner Turbo & Emissions Systems France S.A.S. ,,
908255-2013q1-908255-0000908255-13-000006,BW Holding Ltd.,,
908255-2013q1-908255-0000908255-13-000006,BorgWarner Europe GmbH,,
908255-2013q1-908255-0000908255-13-000006,BorgWarner Holdings Limited,,
908255-2013q1-908255-0000908255-13-000006,BorgWarner Limited,,
908255-2013q1-908255-0000908255-13-000006,Kysor Europe Limited,,
908255-2013q1-908255-0000908255-13-000006,Morse TEC Europe S.r.l. ,,
908255-2013q1-908255-0000908255-13-000006,BorgWarner Germany GmbH ,,
908255-2013q1-908255-0000908255-13-000006,BorgWarner BERU Systems GmbH ,,
908255-2013q1-908255-0000908255-13-000006,BERU Italia S.r.l.,,
908255-2013q1-908255-0000908255-13-000006,BERU Mexico S.A. de C.V.,,
908255-2013q1-908255-0000908255-13-000006,BorgWarner BERU Systems Kandel GmbH,,
908255-2013q1-908255-0000908255-13-000006,"BorgWarner BERU Systems Korea Co., Ltd.",,
908255-2013q1-908255-0000908255-13-000006,BERU Diesel Start Systems Pvt. Ltd.,,
908255-2013q1-908255-0000908255-13-000006,BorgWarner BERU Systems Ireland Ltd.,,
908255-2013q1-908255-0000908255-13-000006,BorgWarner Cooling Systems GmbH,,
908255-2013q1-908255-0000908255-13-000006,"BorgWarner Spain Holding, S.L.",,
908255-2013q1-908255-0000908255-13-000006,"BorgWarner Emissions Systems Spain, S.L.",,
908255-2013q1-908255-0000908255-13-000006,BorgWarner Emissions Systems India Private Limited,,
908255-2013q1-908255-0000908255-13-000006,"BorgWarner Emissions Systems Portugal, Unipessoal LDA",,
908255-2013q1-908255-0000908255-13-000006,BorgWarner IT Services Group Europe GmbH,,
908255-2013q1-908255-0000908255-13-000006,BorgWarner TorqTransfer Systems AB,,
908255-2013q1-908255-0000908255-13-000006,BorgWarner TorqTransfer Systems Holding AB,,
908255-2013q1-908255-0000908255-13-000006,BorgWarner TTS Kft.,,
908255-2013q1-908255-0000908255-13-000006,"BorgWarner TTS, S. de R.L. de C.V.",,
908255-2013q1-908255-0000908255-13-000006,BorgWarner Transmission Systems Arnstadt GmbH,,
908255-2013q1-908255-0000908255-13-000006,BorgWarner Transmission Systems GmbH,,
908255-2013q1-908255-0000908255-13-000006,BorgWarner Vertriebs und Verwaltungs GmbH,,
908255-2013q1-908255-0000908255-13-000006,BorgWarner Turbo Systems Worldwide Headquarters GmbH,,
908255-2013q1-908255-0000908255-13-000006,BorgWarner Turbo Systems GmbH,,
908255-2013q1-908255-0000908255-13-000006,BorgWarner Turbo Systems Alkatreszgyarto Kft.,,
908255-2013q1-908255-0000908255-13-000006,BorgWarner Turbo Systems Engineering GmbH,,
908255-2013q1-908255-0000908255-13-000006,Creon Insurance Agency Limited,,
908255-2013q1-908255-0000908255-13-000006,BorgWarner Trustees Limited,,
908255-2013q1-908255-0000908255-13-000006,Kuhlman Corporation,,
908255-2013q1-908255-0000908255-13-000006,BWA Turbo Systems Holding Corporation,,
908255-2013q1-908255-0000908255-13-000006,BorgWarner Turbo Systems Inc.,,
908255-2013q1-908255-0000908255-13-000006,BorgWarner Turbo Systems of Michigan Inc.,,
908255-2013q1-908255-0000908255-13-000006,"BorgWarner Cooling Systems Korea, Inc.",,
908255-2013q1-908255-0000908255-13-000006,BorgWarner Brasil Ltda.,,
908255-2013q1-908255-0000908255-13-000006,"SeohanWarner Turbo Systems, Ltd.",,
908255-2013q1-908255-0000908255-13-000006,Bronson Specialties Inc.,,
908255-2013q1-908255-0000908255-13-000006,BWA Receivables Corporation,,
908255-2013q1-908255-0000908255-13-000006,BorgWarner Comercial e Distribuidora de Pecas para Veiculos Automotores Ltda. ,,
908255-2013q1-908255-0000908255-13-000006,BorgWarner Investment Holding Inc.,,
908255-2013q1-908255-0000908255-13-000006,"BorgWarner (China) Investment Co., Ltd.",,
908255-2013q1-908255-0000908255-13-000006,BorgWarner Turbo and Emissions Systems de Mexico S.A. de C.V.,,
908255-2013q1-908255-0000908255-13-000006,BorgWarner (Thailand) Limited,,
908255-2013q1-908255-0000908255-13-000006,"BorgWarner (China) Research & Development Co., Ltd.",,
913614-2001q4-913614-0000930661-01-502777,Bactolac Pharmaceutical Inc.,Delaware,
913614-2001q4-913614-0000930661-01-502777,"ANI Pharmaceuticals, Inc.",Mississippi,
913614-2001q4-913614-0000930661-01-502777,NL Acquisition Company,Delaware,
923472-1997q1-923472-0000892569-97-000821,Samantha Hotel Corporation,Delaware,
923472-1997q1-923472-0000892569-97-000821,"RFS, Inc.",Tennessee,
923472-1997q1-923472-0000892569-97-000821,Doubletree Partners,Delaware,
923472-1997q1-923472-0000892569-97-000821,Doubletree Hotels Corporation,Arizona,
923472-1997q1-923472-0000892569-97-000821,"Doubletree of Phoenix, Inc.",Delaware,
923472-1997q1-923472-0000892569-97-000821,INNCO Corporation,Arizona,
923472-1997q1-923472-0000892569-97-000821,HOSCO Corporation,Arizona,
923472-1997q1-923472-0000892569-97-000821,"DT Management, Inc.",Arizona,
923472-1997q1-923472-0000892569-97-000821,"DT Real Estate, Inc.",Arizona,
923472-1997q1-923472-0000892569-97-000821,"Doubletree Hotel Systems, Inc.",Arizona,
923472-1997q1-923472-0000892569-97-000821,Harbor Hotels Corporation,Delaware,
923472-1997q1-923472-0000892569-97-000821,"DTM Burlingame, Inc.",Arizona,
923472-1997q1-923472-0000892569-97-000821,"Red Lion Hotels, Inc.",Delaware,
1484565-2020q1-1484565-0001564590-20-008705,Soleno Therapeutics UK Ltd.,United Kingdom,
1484565-2020q1-1484565-0001564590-20-008705,Soleno Therapeutics Europe Ltd.,Ireland,
1484565-2020q1-1484565-0001564590-20-008705,"Essentialis, Inc.",Delaware,
1582244-2016q4-1582244-0001582244-16-000187,Corning Natural Gas Appliance Corporation,New York State,
1592386-2020q1-1592386-0001592386-20-000003,Virtu Financial LLC,Delaware,
1592386-2020q1-1592386-0001592386-20-000003,VFH Parent LLC,Delaware,
1592386-2020q1-1592386-0001592386-20-000003,Virtu Financial Operating LLC,Delaware,
1592386-2020q1-1592386-0001592386-20-000003,Virtu Financial Global Markets LLC,Delaware,
1592386-2020q1-1592386-0001592386-20-000003,Virtu KCG Holdings LLC,Delaware,
1592386-2020q1-1592386-0001592386-20-000003,Virtu Knight Capital Group LLC,Delaware,
1592386-2020q1-1592386-0001592386-20-000003,Virtu Strategic Holdings LLC,Delaware,
1592386-2020q1-1592386-0001592386-20-000003,Virtu Americas LLC,Delaware,
1592386-2020q1-1592386-0001592386-20-000003,Virtu ITG LLC,Delaware,
1592386-2020q1-1592386-0001592386-20-000003,ITG International Holdings Limited,Bermuda,
1739566-2021q2-1739566-0001739566-21-000088,"Utz Brands Holdings, LLC",Delaware,
1739566-2021q2-1739566-0001739566-21-000088,"Utz Quality Foods, LLC",Delaware,
1739566-2021q2-1739566-0001739566-21-000088,"UTZTRAN, LLC",Pennsylvania,
1739566-2021q2-1739566-0001739566-21-000088,Heron Holding Corporation,Delaware,
1739566-2021q2-1739566-0001739566-21-000088,"Golden Flake Snack Foods, Inc.",Delaware,
1739566-2021q2-1739566-0001739566-21-000088,"Inventure Foods, Inc. and its subsidiaries",Delaware,
1739566-2021q2-1739566-0001739566-21-000088,"Kitchen Cooked, Inc.",Illinois,
1739566-2021q2-1739566-0001739566-21-000088,"Kennedy Endeavors, LLC",Washington,
1739566-2021q2-1739566-0001739566-21-000088,"GH Pop Holdings, LLC",Pennsylvania,
1739566-2021q2-1739566-0001739566-21-000088,"Good Health Natural Products, LLC",Delaware,
1739566-2021q2-1739566-0001739566-21-000088,"Condor Snack Foods, LLC",Delaware,
1739566-2021q2-1739566-0001739566-21-000088,"Snikiddy, LLC",Delaware,
1739566-2021q2-1739566-0001739566-21-000088,"Truco Enterprises, LP",Texas,
1739566-2021q2-1739566-0001739566-21-000088,"Truco Holdco, Inc.",Texas,
1394159-2015q1-1394159-0001394159-15-000045,Cheap Tickets Limited,England,
1394159-2015q1-1394159-0001394159-15-000045,ebookers Limited,England,
1394159-2015q1-1394159-0001394159-15-000045,ebookers.com Deutschland GmbH,Germany,
1394159-2015q1-1394159-0001394159-15-000045,ebookers.com SA,Switzerland,
1394159-2015q1-1394159-0001394159-15-000045,ebookers.ie Ltd,Ireland,
1394159-2015q1-1394159-0001394159-15-000045,ebookers.nl BV,Netherlands,
1394159-2015q1-1394159-0001394159-15-000045,ebookers Scandinavia AB,Sweden,
1394159-2015q1-1394159-0001394159-15-000045,"Flairview Travel - Hotel Club, S.L.",Spain,
1394159-2015q1-1394159-0001394159-15-000045,Flightbookers Limited,England,
1394159-2015q1-1394159-0001394159-15-000045,Orbitz Worldwide (Europe) S.L.U.,Spain,
1394159-2015q1-1394159-0001394159-15-000045,Hao Tai Ke Business Consulting (Shanghai) Company Limited,China,
1394159-2015q1-1394159-0001394159-15-000045,Hotelclub Limited,England,
1394159-2015q1-1394159-0001394159-15-000045,HotelClub New Zealand Pty Limited,New Zealand,
1394159-2015q1-1394159-0001394159-15-000045,HotelClub Pty Limited,Australia,
1394159-2015q1-1394159-0001394159-15-000045,Insurancebookers Limited,England,
1394159-2015q1-1394159-0001394159-15-000045,Internetwork Publishing Corporation,Florida,
1394159-2015q1-1394159-0001394159-15-000045,La Compagnie Des Voyages SAS,France,
1394159-2015q1-1394159-0001394159-15-000045,Neat Group Corporation,Delaware,
1394159-2015q1-1394159-0001394159-15-000045,O Holdings Inc.,Delaware,
1394159-2015q1-1394159-0001394159-15-000045,Orbitz Argentina S.R.L.,Argentina,
1394159-2015q1-1394159-0001394159-15-000045,Orbitz Away LLC,Delaware,
1394159-2015q1-1394159-0001394159-15-000045,Orbitz Financial Corp.,Delaware,
1394159-2015q1-1394159-0001394159-15-000045,"Orbitz for Business, Inc.",Delaware,
1394159-2015q1-1394159-0001394159-15-000045,Orbitz India Services Private Limited,India,
1394159-2015q1-1394159-0001394159-15-000045,"Orbitz, Inc.",Delaware,
1394159-2015q1-1394159-0001394159-15-000045,Orbitz (Israel) Ltd.,Israel,
1394159-2015q1-1394159-0001394159-15-000045,"Orbitz, LLC",Delaware,
1394159-2015q1-1394159-0001394159-15-000045,"Orbitz Mexico Services, S. de R.L. de C.V.",Mexico,
1394159-2015q1-1394159-0001394159-15-000045,"Orbitz Travel Insurance Services, LLC",Delaware,
1394159-2015q1-1394159-0001394159-15-000045,"Orbitz Worldwide, LLC",Delaware,
1394159-2015q1-1394159-0001394159-15-000045,"Orbitz Worldwide Finance Company, LLC",Delaware,
1394159-2015q1-1394159-0001394159-15-000045,Orbitz Worldwide (UK) Limited,England,
1394159-2015q1-1394159-0001394159-15-000045,"OWW Fulfillment Services, Inc.",Tennessee,
1394159-2015q1-1394159-0001394159-15-000045,Oy ebookers Finland Ltd,Finland,
1394159-2015q1-1394159-0001394159-15-000045,Terren Corporation,Canada,
1394159-2015q1-1394159-0001394159-15-000045,Travel Acquisition Corporation Pty Limited,Australia,
1394159-2015q1-1394159-0001394159-15-000045,"Trip Network, Inc.",Delaware,
